Product Name,Sale Price
Scuba Oversized Full-Zip Hoodie Gold Zip,$89 
Stretch High-Rise Jogger Full Length,$79 
Wundermost Ultra-Soft Nulu Square-Neck Sleeveless Bodysuit,$34 - $49 
"lululemon Align™ V-Neck Bra Light Support, A/B Cup",$39 - $49 
"Fast and Free High-Rise Tight 25""",$69 
"Hotty Hot Low-Rise Lined Short 4""",$29 - $59 
"Speed Up Low-Rise Lined Short 2.5""",$39 - $59 
Tapered-Leg Mid-Rise Pant 7/8 Length Luxtreme,$59 
Wunder Train Racerback Tank Top,$29 - $39 
Straight-Leg Mid-Rise Pant Luxtreme Regular,$59 
"Hotty Hot High-Rise Lined Short 4""",$49 
Pace Rival Mid-Rise Skirt Long,$39 - $64 
Pace Rival Mid-Rise Skirt,$39 - $59 
lululemon Align™ High-Rise Jogger Full Length,$59 - $79 
Groove Super-High-Rise Flared Pant Nulu Regular,$59 - $79 
Court Rival High-Rise Skirt,$39 - $68 
"lululemon Align™ High-Rise Pant 25""",$39 - $79 
"Swift Speed High-Rise Tight 28"" Brushed Luxtreme",$79 - $89 
"Base Pace High-Rise Tight 25""",$39 - $49 
City Sleek 5 Pocket High-Rise Wide-Leg Pant Full Length Light Utilitech,$69 - $79 
Light Utilitech Cargo Pocket High-Rise Pant,$79 - $99 
Court Rival High-Rise Skirt Long,$39 - $69 
Quick-Dry Sleeveless Polo Shirt,$39 
Modal-Silk Yoga Tank Top,$24 - $39 
It's Rulu Run Fleece High-Rise Jogger Full Length,$89 
Hold Tight Cropped Tank Top,$24 - $34 
"lululemon Align™ High-Rise Short 6""",$39 - $59 
Rulu Running Mockneck Long-Sleeve Shirt,$59 - $79 
Restfeel Women's Slide,$39 - $49 
"Stretch Woven Relaxed-Fit High-Rise Short 4""",$49 - $74 
"Free to Be Serene Bra Light Support, C/D Cup",$39 
"Speed Up High-Rise Lined Short 4""",$39 - $49 
Love Tank Top,$24 - $29 
"lululemon Align™ Asymmetrical Bra Light Support, A/B Cup",$29 
"lululemon Align™ High-Rise Pant with Pockets 25""",$59 - $109 
Blissfeel 2 Women's Running Shoe,$69 - $99 
"Speed Up Mid-Rise Lined Short 4""",$29 - $39 
"Cinchable Waist High-Rise Woven Short 3.5""",$49 - $69 
Hold Tight Tank Top,$24 - $34 
Wundermost Ultra-Soft Nulu Mockneck Tank Top,$29 
"Hotty Hot Low-Rise Lined Short 2.5""",$29 - $49 
Define Jacket Luon,$89 
Stretch Woven High-Rise Wide-Leg Pant,$79 
"lululemon Align™ V-Neck Bra Light Support, C/D Cup",$39 - $49 
Ribbed Nulu Asymmetrical Yoga Tank Top,$29 
Wundermost Ultra-Soft Nulu Triangle Bralette A–D Cups,$29 
lululemon Align™ Tank Top,$39 - $49 
Swiftly Tech Long-Sleeve Shirt 2.0 Race Length,$54 
Swiftly Tech Long-Sleeve Shirt 2.0,$54 
Classic-Fit Cotton-Blend Tank Top,$29 
"lululemon Align™ High-Rise Pant 28""",$49 - $89 
Fast and Free High-Rise Tight 25” Pockets Updated,$49 - $69 
"Swift Speed High-Rise Tight 28""",$59 - $89 
Scuba Oversized Hoodie,$89 
"License to Train High-Rise Short 4""",$39 - $59 
Scuba Oversized Half-Zip Hoodie,$89 
Softstreme High-Rise Pant Regular,$89 
Sculpt Short-Sleeve Shirt,$49 
"Like a Cloud Ribbed Longline Bra Light Support, B/C Cup",$49 
"Fast and Free High-Rise Crop 23""",$59 
